stay_year,major_source_nm,stays_count,room_nights,room_revenue,total_revenue,ADR,revenue_per_stay,TrevPOR,attach_rate
2022,Admin / Other,20962,55177.0,57226855.01217223,73589693.5447335,1037.1505339574865,2730.0283852767975,1333.7023314919893,1.2859293688091171
2022,Agoda,7164,14784.0,8632751.660114171,10649012.172229482,583.9253016852118,1205.0183780170535,720.3065592687691,1.2335594247927948
2022,Amadeus,9406,27875.0,14631717.720993422,18512298.57389297,524.9046716051452,1555.5727961932193,664.1183344894339,1.2652170392360518
2022,Amex FHR via Service Provider (Expedia),30680,77414.0,81911900.61994234,108755813.81341033,1058.1019017224576,2669.879420467482,1404.8597645569319,1.3277168883923143
2022,B2B Connect,7793,22740.0,21524578.967548493,27379685.952744585,946.5514057848942,2762.0401600857813,1204.0319240432975,1.2720195825443803
2022,Booking.com,45434,105197.0,66214182.51808651,81745208.17502782,629.430330884783,1457.3707469755361,777.067864815801,1.2345573873497417
2022,By Invitation,7,7.0,4233.368034142105,4501.42622331719,604.7668620203007,604.7668620203007,643.0608890453129,1.0633203130493727
2022,Click to Chat,18,48.0,42954.67461359876,53464.76364895691,894.8890544499742,2386.370811866598,1113.8492426866023,1.244678585739556
2022,Ctrip,46658,65777.0,15565075.643779721,18993614.42312962,236.63401559480855,333.5992893775927,288.75768768915606,1.2202712571281364
2022,Default Source Code,865,2154.0,1431383.5060426435,1807585.7168719643,664.5234475592588,1654.778619702478,839.1762845273743,1.2628241901916348
2022,Diverted Bookings,12076,31772.0,29755068.16908752,34450182.9096839,936.5185751317991,2463.983783462034,1084.2938093190198,1.1577921016317523
2022,E-mail to WRO,67,179.0,225626.46750798306,277653.72260322183,1260.483058703816,3367.559216537061,1551.138115101798,1.230590212530797
2022,Elite Guest,813,2441.0,3997121.8265835973,5045847.194524503,1637.4935791002038,4916.509011787943,2067.122980141132,1.2623701286676239
2022,Expedia,40737,101313.0,71733954.85247359,90638670.29695503,708.0429446613326,1760.9042112201091,894.64007873575,1.2635392887978985
2022,FS Guest Service Profile Desk,24,67.0,131049.68182176433,173784.82325101923,1955.9654003248409,5460.403409240181,2593.8033321047646,1.32609878051728
2022,Fliggy,83,128.0,73995.20781777256,94461.58783674701,578.0875610763482,891.5085279249706,737.981154974586,1.2765906147513884
2022,Four Seasons Mobile App,10379,27721.0,31422590.561004963,40713129.09247692,1133.5301959166322,3027.5161924082245,1468.6746182488698,1.2956643091992994
2022,Four Seasons Website,109914,292061.0,307583651.4138475,393409579.8499181,1053.1486621419756,2798.402855085317,1347.011685401057,1.2790328030815707
2022,Galileo,12348,24320.0,12301577.744355535,15509445.244694822,505.8214533040927,996.2405040780317,637.7238998640963,1.2607687864925445
2022,Google,1,1.0,545.21276594,856.5384083727,545.21276594,545.21276594,856.5384083727,1.5710167880899564
2022,HIS Vacations,1,3.0,2428.84040623252,2572.84040623252,809.6134687441732,2428.84040623252,857.6134687441732,1.0592875512242341
2022,Hawaii Collection,6,20.0,35936.85651121622,49107.22994316533,1796.842825560811,5989.476085202703,2455.3614971582665,1.3664865185923682
2022,Hotel Live Chat,2588,6037.0,4555415.924731731,6072923.011245583,754.5827273035832,1760.2070806536829,1005.9504739515626,1.3331215220711636
2022,Make My Trip,1025,1362.0,231248.4258926391,287657.0192125129,169.78592209444867,225.60822038306253,211.201923063519,1.243930712618396
2022,Metasearch,3800,8876.0,8698536.217116259,10882982.4782298,980.0063336093126,2289.0884781884893,1226.113393221023,1.251128029658044
2022,NetJets,1,3.0,3680.0,8975.5,1226.6666666666667,3680.0,2991.8333333333335,2.438994565217391
2022,Online Third Party,11629,14004.0,7497924.972101947,10232709.33960798,535.4130942660631,644.7609400724007,730.6990388180506,1.364738828099979
2022,Owner,227,780.0,404979.2191929454,437082.7089096894,519.2041271704428,1784.0494237574687,560.3624473201146,1.079271943337539
2022,Pegasus ODD,234,595.0,532194.0961610846,723326.1398370606,894.4438590942598,2274.3337442781394,1215.6741846001019,1.3591397293857317
2022,Private Retreats,1,1.0,625.0,1029.32,625.0,625.0,1029.32,1.646912
2022,Reservations Office,153004,479724.0,321580209.4015639,417520676.94082254,670.3442175116606,2101.7764855922974,870.33518635887,1.2983407085833936
2022,Reservations Office Main Line,91629,241064.0,302262152.1046962,375408544.6940708,1253.866824182359,3298.7607864834954,1557.298247328804,1.2419965320833106
2022,Residential Rental Website,1,3.0,891.440075132077,935.835975995083,297.1466917106923,891.440075132077,311.94532533169433,1.0498024512263802
2022,Sabre,72073,171121.0,117923136.17045046,146917097.7255269,689.1213595669174,1636.1624487734723,858.5567973862173,1.2458716965699377
2022,Sales Office,141239,431459.0,164155269.339212,210029192.94820112,380.46551199351967,1162.2517104993096,486.7882995793369,1.2794544688918563
2022,Siteminder,9,17.0,5481.01746416686,8192.41165423166,322.4127920098153,609.0019404629844,481.90656789598006,1.4946881136196024
2022,SynXis-Trust,482,1473.0,1736142.8388602794,2329708.673323383,1178.6441540124097,3601.9560972204968,1581.6080606404503,1.3418876725907876
2022,Toll Free,2860,9816.0,15213208.837618725,18914352.304525033,1549.837901142902,5319.303789377177,1926.890006573455,1.2432848655672326
2022,Voice,15,39.0,193489.19704401726,206171.28215093433,4961.261462667109,12899.279802934483,5286.443132075239,1.0655441507880774
2022,WRO Live Chat,17,27.0,24870.82634113448,30623.24119158244,921.1417163383142,1462.9897847726165,1134.1941182067571,1.231291665646585
2022,Walk In,17110,28532.0,15708388.641859554,19246784.321917683,550.5533661103166,918.0823285715695,674.568355597844,1.225255165296143
2022,Worldspan,1155,3020.0,3598138.107090963,4549494.278432156,1191.4364593016435,3115.271088390444,1506.4550590834954,1.264402350056082
2023,Admin / Other,18743,54690.0,57280354.20355318,73159589.94708559,1047.3643116392975,3056.0931656380076,1337.7142063829876,1.277219580156636
2023,Agoda,7972,15933.0,9692346.472569903,12023736.799065005,608.3189903075317,1215.7986041858885,754.6436201007347,1.24053930935023
2023,Amadeus,13439,37596.0,18920587.773080517,24145887.07177811,503.26065999256616,1407.8865818201143,642.2461717144938,1.276170030305927
2023,Amex FHR via Service Provider (Expedia),38986,97590.0,97881179.00156003,131768443.25503269,1002.9836971160983,2510.6750885333204,1350.2248514707726,1.3462081740242684
2023,B2B Connect,9392,26390.0,23025986.329510182,29453756.82128273,872.5269545096696,2451.659532528767,1116.0953702645975,1.2791528840410495
2023,Booking.com,46735,112373.0,76943581.61322752,95382909.63552308,684.7159158625961,1646.3802634690812,848.8062936428064,1.2396473836503294
2023,Click to Chat,248,553.0,467027.6631461606,567312.2981105591,844.5346530671982,1883.1760610732283,1025.8811900733438,1.2147295393356892
2023,Ctrip,69892,102211.0,36267833.17671121,43715726.47636556,354.8329746965709,518.9125103976307,427.700800074019,1.2053580996517015
2023,Default Source Code,876,2304.0,1631466.1760028147,2093575.1590737822,708.1016388901105,1862.4043105054961,908.6697739035512,1.283247663891605
2023,Diverted Bookings,9721,24691.0,21672455.35054364,25332127.631050803,877.7471690309684,2229.447109406814,1025.966045565218,1.1688628363198064
2023,E-mail to WRO,140,495.0,512904.774056093,648128.9973061396,1036.17126071938,3663.605528972093,1309.3515097093727,1.2636439161614392
2023,Elite Guest,964,2887.0,4626147.768651029,5929233.65158777,1602.4065703675196,4798.908473704387,2053.7698827806616,1.2816783959576625
2023,Expedia,50978,125437.0,88966135.71096303,112359760.16812596,709.2495492634791,1745.1868592522858,895.7465514013087,1.2629497647640349
2023,FS Guest Service Profile Desk,5,16.0,11959.84728636008,17257.11114132208,747.490455397505,2391.969457272016,1078.56944633263,1.4429206935613135
2023,Fliggy,175,279.0,182250.61535305227,225977.82811002902,653.2280120181085,1041.4320877317273,809.9563731542258,1.2399290266991376
2023,Four Seasons Mobile App,13533,36948.0,43901526.271105595,56923877.55170307,1188.1976364378477,3244.0350455261655,1540.6484126800658,1.2966263906220572
2023,Four Seasons Website,123644,326616.0,353575574.00839347,451696635.1484289,1082.542110638773,2859.625812885328,1382.9593012847777,1.277510858648019
2023,Galileo,15380,33151.0,17694063.827774297,22532942.0328778,533.7414807328375,1150.4592865913066,679.7062541967904,1.273474666543699
2023,Google,1,7.0,873.542101216095,1032.3734612362,124.79172874515643,873.542101216095,147.48192303374285,1.1818245048509843
2023,Hawaii Collection,6,16.0,21127.225555644123,28763.178077389464,1320.4515972277577,3521.2042592740204,1797.6986298368415,1.3614271311504695
2023,Hotel Live Chat,2342,5159.0,3953806.6299829083,5383850.840210205,766.3901201750161,1688.2180315896278,1043.5841907753838,1.3616879488700433
2023,Make My Trip,814,1097.0,243246.7283787267,294582.0706413303,221.73812978917655,298.82890464217036,268.5342485335737,1.2110422722014016
2023,Metasearch,3838,9392.0,8948540.495645873,11257551.057148067,952.783272534697,2331.563443367867,1198.6319268684058,1.2580320849668947
2023,NetJets,2,7.0,26898.8680970198,33547.422181988804,3842.6954424314,13449.4340485099,4792.488883141258,1.2471685448245913
2023,Online Third Party,4317,5468.0,2880092.6111518675,3654450.4306696206,526.7177416151916,667.1514040194272,668.3340217025641,1.268865597071219
2023,Owner,264,894.0,479647.08236738044,524527.1723673805,536.5179892252578,1816.8450089673502,586.7194321782779,1.0935689836337306
2023,Pegasus ODD,356,1199.0,493311.7909837161,633935.0478887261,411.4360225051844,1385.7072780441463,528.7198064126156,1.2850595900507311
2023,Priceline,1,2.0,292.297313799022,375.454128697288,146.148656899511,292.297313799022,187.727064348644,1.2844939415195689
2023,Reservations Office,213546,639271.0,396951879.73767406,510701971.10319334,620.9446068063061,1858.858886318049,798.8818061560643,1.2865588933366208
2023,Reservations Office Main Line,84292,221621.0,272206930.467318,334836275.40413,1228.254228919272,3229.332919699592,1510.8508462832042,1.23007990586166
2023,Sabre,93340,217251.0,140350803.87949497,175004019.34502372,646.0306460246211,1503.6512093367792,805.5383834597941,1.2469042891644708
2023,Sales Office,152545,457191.0,173339081.5284631,220482365.17596167,379.13931273464067,1136.3144090495466,482.2543864073476,1.271971463283411
2023,Siteminder,1,2.0,747.195168820278,1416.50590971521,373.597584410139,747.195168820278,708.252954857605,1.895764277961921
2023,SynXis-Trust,354,1125.0,1567795.7023432897,1907907.9628443248,1393.596179860702,4428.801419048841,1695.9181891949554,1.2169365944763655
2023,Toll Free,3460,11051.0,16403979.929951703,20541351.767571744,1484.3887367615332,4741.034661835753,1858.7776461471128,1.2522175627675387
2023,Voice,23,95.0,237439.35430990907,266828.00007660425,2499.361624314832,10323.45018738735,2808.7157902800445,1.123773271924993
2023,WRO Live Chat,21,51.0,62432.920168482895,82440.76089846886,1224.1749052643704,2972.9961984991855,1616.4855078131147,1.3204694042180367
2023,Walk In,16765,27277.0,17361890.64228637,21073004.518601723,636.5029380901995,1035.603378603422,772.5557986069481,1.2137505616627153
2023,Worldspan,845,1939.0,2168899.0937673217,2699066.7754683183,1118.565803902693,2566.7444896654692,1391.9890538774205,1.2444409162346548
2023,Worldwide Sales,4,12.0,15365.97074670808,20195.278811665918,1280.4975622256734,3841.49268667702,1682.9399009721599,1.3142859077739972
2023,Wotif,1,1.0,897.571089514688,1095.30366484792,897.571089514688,897.571089514688,1095.30366484792,1.2202973977695124
