stay_year,property_id,Hotel_short_nm,Hotel_region,stays_count,room_nights,room_revenue,total_revenue,ADR,revenue_per_stay,TrevPOR,attach_rate
2022,ABS,Abu Dhabi,EMEA,13877,35122.0,11714980.510420363,16585759.02826561,333.55106515632264,844.201233005719,472.2327608981724,1.4157735058554075
2022,AIL,Anguilla,Americas,5304,27792.0,45217910.89,59216278.37,1627.0117620178469,8525.247151206637,2130.6951054260217,1.309575723523657
2022,ALX,Alexandria,EMEA,10621,26733.0,8600402.715577519,10124892.27217745,321.7148361791613,809.7545161074775,378.7413411206169,1.1772579269850576
2022,AMM,Amman,EMEA,13369,39190.0,8612488.923323378,12107215.856104404,219.76241192455672,644.2133984085106,308.9363576449197,1.4057743311944353
2022,APL,"Athens, Astir Palace",EMEA,11067,35448.0,54676978.89591308,63556620.754655816,1542.45596072876,4940.542052580923,1792.953643496271,1.1624018378127043
2022,ATL,Atlanta,Americas,25627,51691.0,18736340.057153232,23268185.924853828,362.4681290196211,731.1171833282566,450.1399842304043,1.2418746592918721
2022,AUS,Austin,Americas,22844,49267.0,24175181.58,28779912.42,490.6972533338746,1058.2727009280336,584.1620642620821,1.1904734748221901
2022,BAH,Bahrain,EMEA,22126,48651.0,24288020.31493799,31422077.12730487,499.2296214864646,1097.7140158608872,645.8670351545677,1.293727389876201
2022,BAL,Bali at Jimbaran Bay,APAC,4451,15106.0,11579389.82193185,15253998.791859306,766.5424216822355,2601.5254598813412,1009.7973515066402,1.3173404666770603
2022,BCB,Boston at One Dalton,Americas,15826,35653.0,21781167.6,25770052.01,610.921033293131,1376.2901301655504,722.8017841415871,1.1831345538151958
2022,BEJ,Beijing,APAC,10819,32666.0,6151525.261034584,7945229.569919273,188.31584096720087,568.5853832179114,243.22627716645053,1.2915869207668698
2022,BEV,Beverly Wilshire,Americas,24490,64052.0,47478846.14,55936906.68,741.2547014925374,1938.703394855043,873.3046068819084,1.1781437677541673
2022,BHA,Bogota,Americas,3990,12467.0,3658876.0342956767,4698642.571858173,293.4848828343368,917.0115374174628,376.8863858071848,1.2841764869365542
2022,BIH,Bogota Casa Medina,Americas,3956,10248.0,3255294.2971038013,4144893.3982801563,317.65166833565587,822.8752014923664,404.45876251757966,1.2732776271465904
2022,BKU,Baku,EMEA,7721,25406.0,7667326.8715522485,9269070.645497091,301.79197321704515,993.0484226851765,364.8378589898879,1.208905111361265
2022,BLT,Baltimore,Americas,23913,49089.0,19654801.07,22742407.14,400.39114811872315,821.9295391627985,463.2892733606307,1.1570916977996155
2022,BNG,Bengaluru,APAC,11101,24174.0,3240248.3092692615,4332080.602088574,134.03856661161834,291.88796588318723,179.20412848881335,1.336959451439554
2022,BOC,"Bahamas, The Ocean Club",Americas,4506,18513.0,40250068.18,48033325.09,2174.1515788905094,8932.5495295162,2594.572737535786,1.1933725149282468
2022,BOP,Istanbul at the Bosphorus,EMEA,11509,34411.0,33468239.774280176,41525949.70206712,972.6029401726244,2908.0058888070357,1206.7638168628382,1.2407569081054324
2022,BOR,Bora Bora,Americas,5211,26122.0,44412464.54364405,65365890.84606295,1700.193880393693,8522.829503673776,2502.331017765215,1.4717915683744145
2022,BOS,Boston,Americas,13429,29228.0,22882403.46,25761677.41828682,782.8932345695908,1703.9543867748903,881.4040446929937,1.125829175388852
2022,BPY,Bangkok at Chao Phraya River,APAC,11720,27798.0,9870567.882592933,14897155.209582793,355.08194411802765,842.1986247946189,535.9074469236201,1.5092500641077002
2022,BUD,Budapest,EMEA,7827,23523.0,12363958.658000609,14778850.191052718,525.6114720911708,1579.6548687876082,628.2723373316634,1.1953170177813117
2022,BUE,Buenos Aires,Americas,10139,27637.0,11530792.698020142,13899052.692167347,417.22302341137396,1137.2712001203415,502.91466845776847,1.2053857055771924
2022,CAF,Cairo at The First Residence,EMEA,18657,60989.0,12006369.63022565,13851087.751141153,196.8612312093271,643.5316304993112,227.10796620933533,1.1536449549472045
2022,CAI,Cairo at Nile Plaza,EMEA,21639,69586.0,24599839.465133633,31114457.818420164,353.51707908391967,1136.8288490749865,447.1367490360154,1.264823612467877
2022,CAR,Aviara Residences,Americas,2690,7933.0,4347816.824864744,5050915.528530638,548.0671656201619,1616.2887824776,636.6967765701044,1.1617130463374032
2022,CBL,Casablanca,EMEA,13469,31923.0,10754719.701576317,13228555.68716256,336.8956458220191,798.4794492223859,414.3894899339836,1.2300232878429787
2022,CFS,Chicago,Americas,32876,71556.0,34170390.17,41369262.52,477.5335425401085,1039.3718873950602,578.1382765945554,1.2106757433609954
2022,CHI,Chiang Mai,APAC,4128,10377.0,5452413.033297151,7602163.733144168,525.4324981494798,1320.8364906243098,732.5974494694196,1.3942751010825443
2022,CHR,Golden Triangle,APAC,810,1858.0,2911914.0763945016,4516219.6605622405,1567.2303963371915,3594.9556498697552,2430.688730119613,1.5509453720400197
2022,COS,Costa Rica,Americas,8478,37241.0,52833642.99485099,71594677.23129086,1418.695604168819,6231.852205101556,1922.4692471010676,1.355096358550711
2022,DEN,Denver,Americas,24044,47739.0,20502576.19889849,25253086.37148924,429.4722595550491,852.7107053276698,528.9823073690116,1.2317030858222575
2022,DIF,Dubai at DIFC,EMEA,8954,24631.0,17161427.343506478,24319528.22699967,696.7409907639347,1916.6213249392983,987.3544812228358,1.4171040520240683
2022,DJB,Dubai at Jumeirah Beach,EMEA,12854,50859.0,68670235.71270834,90796292.02229472,1350.2081384358391,5342.32423469024,1785.2551568511908,1.3222073738344786
2022,DOH,Doha,EMEA,16302,39754.0,24859146.411911726,31793385.814346295,625.3244053909475,1524.9139008656439,799.7531270902625,1.2789411706876588
2022,EMB,San Francisco at Embarcadero,Americas,12669,27093.0,17476115.64,19745422.57,645.0417318126454,1379.4392327729104,728.8016303104123,1.1298519062671983
2022,FLO,Florence,EMEA,7421,20136.0,32606042.805529483,40026088.1808834,1619.2909617366647,4393.753241548239,1987.787454354559,1.2275665716201414
2022,FTL,Fort Lauderdale,Americas,6834,17667.0,13246055.18,17433025.17,749.7625618384559,1938.2580011706175,986.7563915775175,1.31609184267342
2022,GEN,Geneva,EMEA,9904,23075.0,31422402.858715396,39668222.04228702,1361.7509364557052,3172.698188480957,1719.0995467946705,1.2624184796002813
2022,GHF,Cap Ferrat,EMEA,4091,12125.0,31170265.497499514,37373925.376117244,2570.743546185527,7619.228916523958,3082.3855980302883,1.199024929034223
2022,GUA,Guangzhou,APAC,51166,67199.0,14981586.658355922,18878789.193622723,222.94359526713077,292.803554281279,280.9385436334279,1.2601328299958905
2022,HAM,Hampshire,EMEA,9883,18554.0,13971773.165193403,18753683.512256175,753.0329398077721,1413.7178149543056,1010.7622891158874,1.3422550803340771
2022,HAN,Hangzhou,APAC,4831,9067.0,5552328.616583286,7141188.202933211,612.3666721719737,1149.3124853204897,787.6020958346985,1.2861609418441906
2022,HFS,Houston,Americas,24575,59096.0,23059131.57,27098801.22,390.1978402937593,938.3166457782299,458.55559124136994,1.1751874149178982
2022,HKG,Hong Kong,APAC,27884,45389.0,17647219.07751446,27127883.930643585,388.79946853895126,632.8797546088961,597.6752942484651,1.5372327963678478
2022,IST,Istanbul at Sultanahmet,EMEA,1361,3808.0,3524217.1365930573,4294581.91486877,925.4771892313701,2589.432135630461,1127.7788641987318,1.2185917463134641
2022,JAC,Jackson Hole,Americas,7082,25437.0,42071285.62298855,50148567.89261818,1653.940544206807,5940.593846793075,1971.4812239107669,1.1919903837028467
2022,JBG,Johannesburg,EMEA,6650,13405.0,3554363.139260897,5390983.251057733,265.1520432123012,534.4906976332176,402.1621224213154,1.5167226982268185
2022,JKR,Jakarta Capital Place,APAC,11973,24796.0,4207011.54788092,5563939.271666235,169.66492772547667,351.37488915734735,224.38858169326647,1.3225395766904426
2022,KOE,Lanai Sensei,Americas,4196,14679.0,12453653.56,21618586.22,848.3993160297023,2967.9822592945666,1472.7560610395803,1.7359232064586192
2022,KOH,Koh Samui,APAC,2630,10072.0,9132955.297728134,12978060.426798023,906.7668087498148,3472.606577082941,1288.5286364970239,1.421014338045252
2022,KON,Hualalai,Americas,12719,60616.0,105093241.72878169,138551122.2827224,1733.7541528438314,8262.696888810573,2285.718659804712,1.318363769197327
2022,KUA,Kuala Lumpur,APAC,14966,37160.0,7673906.770136714,9764168.42591527,206.5098700252076,512.7560316809244,262.76018368986195,1.2723855942468423
2022,KUW,Kuwait,EMEA,22461,37955.0,15683610.823067496,19837846.600596443,413.2159352672242,698.2596867043985,522.6675431589103,1.2648775096751883
2022,KYO,Kyoto,APAC,7818,12517.0,11308001.778060595,15520184.630576437,903.4115026013097,1446.4059577974667,1239.9284677300022,1.3724957720371231
2022,LAN,Langkawi,APAC,4424,13144.0,7161178.927268399,10315034.622843552,544.8249336022823,1618.7113307568713,784.7713498815849,1.4404101234736468
2022,LAX,Los Angeles,Americas,19952,60318.0,44987645.94,50665597.70776384,745.8411409529493,2254.7938021251002,839.974762222949,1.1262113553426762
2022,LCB,Los Cabos at Costa Palmas,Americas,5051,19553.0,23769483.878840826,34203332.19999345,1215.6438336235271,4705.89663014073,1749.262629775147,1.438959818157459
2022,LIS,"Lisbon, Ritz",EMEA,11804,36054.0,23530555.611000556,28526505.06112057,652.6475733899306,1993.4391402067567,791.2160942231255,1.2123175301387445
2022,LON,London,EMEA,9754,35451.0,50660255.36894657,59984402.02776372,1429.02189977565,5193.79284077779,1692.0369531963474,1.184052500148521
2022,MAC,Macau,APAC,17466,35441.0,5163171.45249951,6511153.076612515,145.68357135801782,295.61270196378734,183.7180970235748,1.2610762854796238
2022,MAL,Maldives at Kuda Huraa,APAC,2755,13571.0,21944874.536186744,33731817.6643167,1617.0418197764898,7965.471700975225,2485.5808462395325,1.5371159952950961
2022,MAN,Lanai,Americas,6704,26501.0,50186778.05,65971960.9,1893.7692181427115,7486.094577863962,2489.4140183389304,1.314528715795893
2022,MAR,Tokyo at Marunouchi,APAC,6351,10824.0,5241625.877674763,7333246.817672714,484.25959697660414,825.3229220083078,677.498782120539,1.3990404864465096
2022,MAS,Mauritius at Anahita,EMEA,4700,24582.0,22402675.654878125,32418868.27492207,911.3447097420114,4766.526735080452,1318.8051531576791,1.4470980508912088
2022,MAU,Maui,Americas,19105,90703.0,147610771.25067315,184838995.0689919,1627.4078172791765,7726.290041909089,2037.848748872605,1.2522053336819008
2022,MCA,"Macau, Grand Suites",APAC,6325,27750.0,11086336.665898323,14546103.573912317,399.50762759993955,1752.7805005372843,524.1839125734168,1.3120748550471384
2022,MEX,Mexico City,Americas,17526,58249.0,21654165.187881287,25588991.146538895,371.75170711739753,1235.54520072357,439.30352703975854,1.1817121983007557
2022,MFL,Surf Club,Americas,6873,21226.0,57479994.77,66748081.44,2707.9993767078113,8363.159431107231,3144.63777631207,1.1612402142186207
2022,MIA,Miami,Americas,4293,11534.0,6561841.625840708,7519067.330169861,568.9129205688146,1528.497932876941,651.9045717157848,1.145877599447017
2023,ABS,Abu Dhabi,EMEA,15353,36260.0,13325095.883240975,18321244.154635627,367.4874760960004,867.9147973191542,505.27424585316123,1.3749427632770979
2023,AIL,Anguilla,Americas,5618,28173.0,51169303.93,64859653.63,1816.253289674511,9108.099667141332,2302.191943704966,1.2675500475583663
2023,ALX,Alexandria,EMEA,10675,25933.0,7441456.622255016,8896602.175289009,286.9493164020752,697.0919552463715,343.06104867500903,1.195545795252252
2023,AMM,Amman,EMEA,13463,37050.0,8346624.56865282,11824003.791677989,225.28001534825424,619.9676571828581,319.1364046336839,1.4166210178046181
2023,APL,"Athens, Astir Palace",EMEA,12814,40735.0,64785474.04877389,75513472.70192733,1590.4130121216126,5055.835340157163,1853.7737253449695,1.1655926549997433
2023,ATL,Atlanta,Americas,24707,49562.0,17981366.988638427,22185004.011521805,362.8055160937498,727.784311678408,447.62124231309883,1.2337773888681243
2023,AUS,Austin,Americas,24338,50071.0,25311106.91,30539542.56,505.504322062671,1039.983026953735,609.9247580435781,1.2065668510109422
2023,BAH,Bahrain,EMEA,19747,42491.0,23318162.03110845,30942550.55905223,548.7788480174261,1180.8458009372791,728.2142232249706,1.326972105167302
2023,BAL,Bali at Jimbaran Bay,APAC,8642,29379.0,22030312.50138207,29191767.40145163,749.8659757439692,2549.2145916896634,993.6269921185755,1.3250727786825667
2023,BCB,Boston at One Dalton,Americas,19645,43113.0,27536243.42,32721169.64,638.6993115765547,1401.6922076864344,758.9629494584,1.1882946101585559
2023,BEJ,Beijing,APAC,31620,77527.0,15351166.510371862,19796288.82805566,198.0105835434347,485.48913695040676,255.34702526933404,1.2895625107499484
2023,BEV,Beverly Wilshire,Americas,29420,80208.0,58795843.35,69877223.05,733.0421323309396,1998.499094153637,871.2001676890086,1.1884721617825045
2023,BHA,Bogota,Americas,4609,13230.0,4464185.019654511,5636491.092632912,337.4289508431225,968.5799565316794,426.0386313403562,1.2626024835030534
2023,BIH,Bogota Casa Medina,Americas,4486,11479.0,3788830.700897386,4830051.192256872,330.0662689169253,844.5899912834119,420.77281925750253,1.2748131477906555
2023,BKU,Baku,EMEA,8187,24644.0,9292271.235482452,11264369.899012852,377.0601864746978,1135.003204529431,457.0836673840632,1.2122299934595064
2023,BLT,Baltimore,Americas,25556,50935.0,19664934.28,22811279.919999998,386.0790081476392,769.484046016591,447.85078865220373,1.1599977704069906
2023,BNG,Bengaluru,APAC,11833,29854.0,5048497.177641623,6518031.188707803,169.10622287270124,426.6455824931651,218.33024682480752,1.2910834569888112
2023,BOC,"Bahamas, The Ocean Club",Americas,5158,20144.0,49191685.19,58817694.18,2442.001846207307,9536.96882318728,2919.861704725973,1.1956836598059226
2023,BOP,Istanbul at the Bosphorus,EMEA,9151,25491.0,28187674.138383463,35144323.96692672,1105.789264382859,3080.2834814100606,1378.6953813866355,1.246797582318802
2023,BOR,Bora Bora,Americas,5260,25470.0,48379049.53592836,69006302.17458226,1899.4522785994645,9197.53793458714,2709.316928723292,1.4263674635305768
2023,BOS,Boston,Americas,15770,33177.0,25540844.19,28910261.560699873,769.8358558640022,1619.5842859860495,871.3946879072813,1.131922709587614
2023,BPY,Bangkok at Chao Phraya River,APAC,18513,47087.0,20239505.668915793,29020053.32110931,429.83213347454273,1093.259097332458,616.3071191859602,1.4338321200047313
2023,BUD,Budapest,EMEA,9640,26302.0,15652318.578353932,19118658.584440704,595.0999383451423,1623.684499829246,726.8899165250059,1.2214585646678875
2023,BUE,Buenos Aires,Americas,12783,36453.0,17793223.942852225,20756385.690540742,488.1141179834918,1391.9442965541912,569.4013027882683,1.1665331565097767
2023,CAF,Cairo at The First Residence,EMEA,19174,58264.0,11645526.920734137,13316226.37579965,199.87517027210862,607.3603275651475,228.54981422146867,1.1434627618344118
2023,CAI,Cairo at Nile Plaza,EMEA,21469,68969.0,25046934.312228754,31171379.27471587,363.1622078358212,1166.6558438785576,451.9621753935227,1.2445187457331637
2023,CAR,Aviara Residences,Americas,3333,9118.0,4481752.775193636,5411699.346794564,491.5280516773016,1344.6602985879497,593.5182437809349,1.207496178001641
2023,CBL,Casablanca,EMEA,15127,35350.0,14235808.249572743,17265932.61093209,402.71027580120915,941.0860216548385,488.42807951717367,1.2128522882745552
2023,CFS,Chicago,Americas,33841,72541.0,33370385.39,40245302.2,460.0210279703892,986.0933598297922,554.7938710522326,1.2060185020236591
2023,CHI,Chiang Mai,APAC,4417,11494.0,9396252.15963115,12664832.87045419,817.4919227102097,2127.2927687641272,1101.8647007529312,1.34786004624969
2023,CHR,Golden Triangle,APAC,825,2186.0,4776289.276411577,7152145.82888145,2184.944774204747,5789.441547165548,3271.7958961031336,1.4974272735538439
2023,COS,Costa Rica,Americas,6703,30077.0,54233928.68368732,71204475.28583826,1803.1694877709654,8090.993388585308,2367.4061670325586,1.3129138348270795
2023,DEN,Denver,Americas,25582,50667.0,20257397.409416847,25277671.82954172,399.81442377517607,791.8613638267863,498.898135463748,1.2478242549455614
2023,DHS,"Doha, The Pearl Qatar",EMEA,150,462.0,399673.0086414312,493873.84390046727,865.0930922974702,2664.486724276208,1068.9910041135656,1.2356947635249216
2023,DIF,Dubai at DIFC,EMEA,9274,22628.0,16503923.32694037,23124880.0987082,729.3584641568133,1779.5906110567578,1021.9586396812887,1.4011747171025712
2023,DJB,Dubai at Jumeirah Beach,EMEA,13393,48313.0,63578963.74669392,84062493.9440128,1315.980455502534,4747.178656514143,1739.95599412193,1.3221746469308258
2023,DOH,Doha,EMEA,16958,40437.0,16551118.640177492,23201446.998476174,409.3062947344633,976.0065243647537,573.767762160303,1.4018053705539364
2023,EMB,San Francisco at Embarcadero,Americas,14886,32855.0,20650974.8,23514748.79,628.5489210165881,1387.2749428993686,715.712944452899,1.1386750028865464
2023,FLO,Florence,EMEA,6784,18585.0,37187715.284331806,44710522.133955,2000.9532033538771,5481.679729412118,2405.731618722357,1.2022927945991013
2023,FTL,Fort Lauderdale,Americas,11355,30180.0,20120962.76,26864425.4,666.6985672630882,1771.9914363716425,890.1400066269052,1.335146122003955
2023,GEN,Geneva,EMEA,8526,19035.0,32892038.722489487,41536015.82305476,1727.9768175723398,3857.851128605382,2182.086462992107,1.2627984593321993
2023,GHF,Cap Ferrat,EMEA,4164,12238.0,38975688.79564851,46468637.750968896,3184.8086938755114,9360.155810674474,3797.0777701396387,1.1922467360257902
2023,GUA,Guangzhou,APAC,64263,97893.0,27521256.649814155,34163951.47523445,281.13610421392906,428.2597552217319,348.99279289872055,1.2413659706728963
2023,HAM,Hampshire,EMEA,9795,18504.0,14412566.699412853,19863587.922704536,778.8892509410318,1471.420796264712,1073.4753525024068,1.378213078695674
2023,HAN,Hangzhou,APAC,8123,14337.0,9937940.645138156,12399526.424370334,693.1673742859842,1223.432308893039,864.8619951433587,1.2476957618414068
2023,HFS,Houston,Americas,30464,72949.0,28925998.99,33786314.63,396.5235848332396,949.5141475183823,463.1497982151915,1.1680258525100642
2023,HKG,Hong Kong,APAC,31368,91751.0,61237629.93169741,79612402.04345113,667.4328337750806,1952.2325277893844,867.7006467880582,1.3000568789525064
2023,IST,Istanbul at Sultanahmet,EMEA,3673,10157.0,10953912.695457045,13493152.949581828,1078.4594560851674,2982.27952503595,1328.4584965621568,1.231811255459238
2023,JAC,Jackson Hole,Americas,8372,28516.0,39591636.965213194,47849082.402990974,1388.400791317618,4729.05362699632,1677.9731520196021,1.2085653958949236
2023,JBG,Johannesburg,EMEA,5041,10968.0,3653943.306259571,5209222.06071218,333.1458156691804,724.8449328029302,474.9473067753629,1.4256439205797913
2023,JKR,Jakarta Capital Place,APAC,11954,26692.0,4588074.271257731,6009730.609512107,171.88949015651622,383.81079732790124,225.15100440252164,1.309859050704656
2023,KOE,Lanai Sensei,Americas,2984,10647.0,11094896.89,17936899.16,1042.067896120973,3718.128984584451,1684.690444256598,1.6166801131939135
2023,KOH,Koh Samui,APAC,3289,12598.0,15914008.906541243,21832168.234464273,1263.2170905335167,4838.555459574717,1732.9868419165164,1.3718836254697864
2023,KON,Hualalai,Americas,12597,56046.0,94107145.83154023,125908640.9401131,1679.1054817746178,7470.599811982236,2246.5232298489295,1.337928590093469
2023,KUA,Kuala Lumpur,APAC,19472,49192.0,11185146.135811904,13542360.307438822,227.37734053935404,574.422048881055,275.29598933645354,1.2107450491039842
2023,KUW,Kuwait,EMEA,18792,31635.0,12038700.473868223,15244411.733675824,380.5500386871574,640.6290162765125,481.88436016044966,1.2662838291197684
2023,KYO,Kyoto,APAC,8837,24023.0,29815960.916866172,39489570.50840732,1241.1422768541054,3373.991277228264,1643.823440386601,1.3244439989210282
2023,LAN,Langkawi,APAC,4261,14255.0,10393860.615903711,14633649.359549366,729.1378895758478,2439.300778198477,1026.562564682523,1.4079127958631972
2023,LAX,Los Angeles,Americas,20422,60970.0,42985426.43,48686652.08392215,705.0258558307364,2104.8588008030556,798.5345593557839,1.1326315946453702
2023,LCB,Los Cabos at Costa Palmas,Americas,5243,19167.0,28102962.279155593,40302753.02273694,1466.21601080793,5360.091985343428,2102.715762651272,1.4341104906449709
2023,LIS,"Lisbon, Ritz",EMEA,11666,37430.0,28240507.684792448,34002419.09588307,754.4885836172174,2420.753273169248,908.4269061149631,1.2040300222433118
2023,LON,London,EMEA,10486,35657.0,50191831.22906011,59938115.24800066,1407.6291115085428,4786.556478071726,1680.9634923858052,1.194180682001051
2023,MAC,Macau,APAC,58545,107492.0,19989201.969041098,24858624.214353655,185.95990370484407,341.43311929355366,231.2602260108069,1.2436026337046484
2023,MAL,Maldives at Kuda Huraa,APAC,3202,13268.0,20122995.8536109,31775046.830761317,1516.6563049149004,6284.508386511836,2394.8633426862616,1.5790415632898696
2023,MAN,Lanai,Americas,5545,21023.0,38804608.69,51316996.87,1845.816900061837,6998.1260036068525,2440.993049041526,1.322445931099531
2023,MAR,Tokyo at Marunouchi,APAC,5122,14972.0,12552903.751388544,16339620.371202616,838.4253106724916,2450.78167735036,1091.345202458096,1.3016606113462157
2023,MAS,Mauritius at Anahita,EMEA,5212,25811.0,25324459.63263756,35505356.622721486,981.1498830978095,4858.875601043277,1375.5901213715658,1.4020183308062781
2023,MAU,Maui,Americas,18510,84493.0,121262540.0092687,154445820.33915627,1435.17853560968,6551.190708226294,1827.9126121590696,1.2736482373480813
2023,MCA,"Macau, Grand Suites",APAC,22155,80592.0,31647033.108801283,41254491.26214745,392.68206656741717,1428.437513374014,511.89313160298104,1.3035816381370124
2023,MEX,Mexico City,Americas,18046,59398.0,25055575.240190882,29642954.624297507,421.8252338494711,1388.4281968409,499.05644338694077,1.1830881686064085
2023,MFL,Surf Club,Americas,7574,21689.0,54380223.82,64180830.9,2507.2720651021255,7179.855270662793,2959.1420028585917,1.180223735607273
